station_name,station_id
,
2112 W Peterson Ave,456
2112 W Peterson Ave,KA1504000155
63rd St Beach,101
63rd St Beach,15491
900 W Harrison St,109
900 W Harrison St,13028
Aberdeen St & Jackson Blvd,21
Aberdeen St & Jackson Blvd,13157
Aberdeen St & Monroe St,80
Aberdeen St & Monroe St,13156
Aberdeen St & Randolph St,621
Aberdeen St & Randolph St,18062
Ada St & 113th St,727
Ada St & 113th St,20129
Ada St & Washington Blvd,346
Ada St & Washington Blvd,13353
Adler Planetarium,341
Adler Planetarium,13431
Albany Ave & 26th St,444
Albany Ave & 26th St,15691
Albany Ave & Bloomingdale Ave,511
Albany Ave & Bloomingdale Ave,15655
Albany Ave & Montrose Ave,480
Albany Ave & Montrose Ave,15621
Archer (Damen) Ave & 37th St,645
Archer (Damen) Ave & 37th St,18022
Artesian Ave & Hubbard St,376
Artesian Ave & Hubbard St,15664
Ashland Ave & 13th St,275
Ashland Ave & 13th St,13354
Ashland Ave & 50th St,555
Ashland Ave & 50th St,16940
Ashland Ave & 63rd St,563
Ashland Ave & 63rd St,16948
Ashland Ave & 66th St,565
Ashland Ave & 66th St,16950
Ashland Ave & 69th St,566
Ashland Ave & 73rd St,679
Ashland Ave & 74th St,679
Ashland Ave & 78th St,683
Ashland Ave & 78th St,20234
Ashland Ave & Archer Ave,368
Ashland Ave & Archer Ave,15442
Ashland Ave & Augusta Blvd,30
Ashland Ave & Augusta Blvd,13248
Ashland Ave & Belle Plaine Ave,246
Ashland Ave & Belle Plaine Ave,13249
Ashland Ave & Blackhawk St,333
Ashland Ave & Blackhawk St,13224
Ashland Ave & Chicago Ave,350
Ashland Ave & Chicago Ave,13247
Ashland Ave & Division St,210
Ashland Ave & Division St,13061
Ashland Ave & Garfield Blvd,558
Ashland Ave & Garfield Blvd,16943
Ashland Ave & Grace St,347
Ashland Ave & Grace St,13319
Ashland Ave & Grand Ave,277
Ashland Ave & Grand Ave,13434
Ashland Ave & Lake St,119
Ashland Ave & Lake St,13073
Ashland Ave & McDowell Ave,552
Ashland Ave & McDowell Ave,16937
Ashland Ave & Pershing Rd,547
Ashland Ave & Pershing Rd,16932
Ashland Ave & Wellington Ave,250
Ashland Ave & Wellington Ave,13269
Ashland Ave & Wrightwood Ave,166
Ashland Ave & Wrightwood Ave,13296
Austin Blvd & Chicago Ave,524
Austin Blvd & Chicago Ave,16921
Austin Blvd & Lake St,532
Austin Blvd & Lake St,16906
Austin Blvd & Madison St,544
Austin Blvd & Madison St,16918
Avenue O & 118th St,719
Avenue O & 118th St,20218
Avenue O & 134th St,704
Avers Ave & Belmont Ave,496
Avers Ave & Belmont Ave,15640
Avondale Ave & Irving Park Rd,483
Avondale Ave & Irving Park Rd,15624
Baltimore Ave & 87th St,693
Baltimore Ave & 87th St,20229
Base - 2132 W Hubbard Warehouse,Hubbard Bike-checking (LBS-WH-TEST)
Bennett Ave & 79th St,578
Bennett Ave & 79th St,16970
Benson Ave & Church St,596
Bernard St & Elston Ave,640
Bernard St & Elston Ave,18016
Big Marsh Park,717
Big Marsh Park,20232
Bissell St & Armitage Ave,113
Bissell St & Armitage Ave,13059
Blackstone Ave & Hyde Park Blvd,121
Blackstone Ave & Hyde Park Blvd,13398
Blue Island Ave & 18th St,129
Blue Island Ave & 18th St,13135
Bosworth Ave & Howard St,522
Bosworth Ave & Howard St,16806
Bradley Park,731
Bradley Park,20227
Broadway & Argyle St,295
Broadway & Argyle St,13108
Broadway & Barry Ave,300
Broadway & Barry Ave,13137
Broadway & Belmont Ave,296
Broadway & Belmont Ave,13277
Broadway & Berwyn Ave,294
Broadway & Berwyn Ave,13109
Broadway & Cornelia Ave,303
Broadway & Cornelia Ave,13278
Broadway & Granville Ave,454
Broadway & Granville Ave,15571
Broadway & Ridge Ave,461
Broadway & Ridge Ave,15578
Broadway & Sheridan Rd,256
Broadway & Sheridan Rd,13323
Broadway & Thorndale Ave,458
Broadway & Thorndale Ave,15575
Broadway & Waveland Ave,304
Broadway & Waveland Ave,13325
Broadway & Wilson Ave,293
Broadway & Wilson Ave,13074
Buckingham Fountain,2
Buckingham Fountain,15541
Budlong Woods Library,468
Budlong Woods Library,15585
Burling St & Diversey Pkwy,332
Burling St & Diversey Pkwy,TA1309000036
Burling St (Halsted) & Diversey Pkwy (Temp),332
Burnham Greenway & 105th St,710
Burnham Greenway & 105th St,20222
Burnham Harbor,4
Burnham Harbor,15545
California Ave & 21st St,348
California Ave & 21st St,13096
California Ave & 23rd Pl,442
California Ave & 23rd Pl,15689
California Ave & 26th St,445
California Ave & 26th St,15692
California Ave & Altgeld St,502
California Ave & Altgeld St,15646
California Ave & Byron St,487
California Ave & Byron St,15628
California Ave & Cortez St,622
California Ave & Cortez St,17660
California Ave & Division St,216
California Ave & Division St,13256
California Ave & Fletcher St,498
California Ave & Fletcher St,15642
California Ave & Francis Pl (Temp),259
California Ave & Francis Pl (Temp),13259
California Ave & Lake St,378
California Ave & Lake St,15666
California Ave & Milwaukee Ave,123
California Ave & Milwaukee Ave,13084
California Ave & Montrose Ave,481
California Ave & Montrose Ave,15622
California Ave & North Ave,276
California Ave & North Ave,13258
Calumet Ave & 18th St,338
Calumet Ave & 18th St,13102
Calumet Ave & 21st St,370
Calumet Ave & 21st St,15546
Calumet Ave & 33rd St,149
Calumet Ave & 33rd St,13217
Calumet Ave & 35th St,335
Calumet Ave & 35th St,13345
Calumet Ave & 51st St,415
Calumet Ave & 51st St,15470
Calumet Ave & 71st St,393
Calumet Ave & 71st St,15599
Campbell Ave & Fullerton Ave,504
Campbell Ave & Fullerton Ave,15648
Campbell Ave & Montrose Ave,482
Campbell Ave & Montrose Ave,15623
Campbell Ave & North Ave,160
Campbell Ave & North Ave,13257
Canal St & Adams St,192
Canal St & Adams St,13011
Canal St & Harrison St,169
Canal St & Harrison St,13326
Canal St & Jackson Blvd,75
Canal St & Jackson Blvd,13138
Canal St & Madison St,174
Canal St & Madison St,13341
Canal St & Monroe St,191
Canal St & Monroe St,13056
Canal St & Taylor St,414
Canal St & Taylor St,15550
Cannon Dr & Fullerton Ave,34
Cannon Dr & Fullerton Ave,13124
Carpenter St & 63rd St,648
Carpenter St & 63rd St,18025
Carpenter St & Huron St,92
Carpenter St & Huron St,13196
Central Ave & Chicago Ave,550
Central Ave & Chicago Ave,16920
Central Ave & Harrison St,541
Central Ave & Harrison St,16915
Central Ave & Lake St,531
Central Ave & Lake St,16905
Central Ave & Madison St,542
Central Ave & Madison St,16916
Central Park Ave & 24th St,440
Central Park Ave & 24th St,15687
Central Park Ave & Bloomingdale Ave,641
Central Park Ave & Bloomingdale Ave,18017
Central Park Ave & Elbridge Ave,500
Central Park Ave & Elbridge Ave,15644
Central Park Ave & North Ave,508
Central Park Ave & North Ave,15652
Central Park Ave & Ogden Ave,438
Central Park Ave & Ogden Ave,15685
Central Park Blvd & 5th Ave,533
Central Park Blvd & 5th Ave,16907
Central St & Girard Ave,602
Central St & Girard Ave,E007
Central St Metra,601
Central St Metra,E006
Cherry Ave & Blackhawk St,666
Cherry Ave & Blackhawk St,18069
Chicago Ave & Dempster St,625
Chicago Ave & Dempster St,E011
Chicago Ave & Sheridan Rd,603
Chicago Ave & Sheridan Rd,E008
Chicago Ave & Washington St,597
Chicago Ave & Washington St,E002
Christiana Ave & Lawrence Ave,474
Christiana Ave & Lawrence Ave,15615
Cicero Ave & Flournoy St,538
Cicero Ave & Flournoy St,16912
Cicero Ave & Lake St,529
Cicero Ave & Lake St,16903
Cicero Ave & Quincy St,539
Cicero Ave & Quincy St,16913
Cityfront Plaza Dr & Pioneer Ct,196
Cityfront Plaza Dr & Pioneer Ct,13427
Claremont Ave & Hirsch St,159
Claremont Ave & Hirsch St,13245
Clarendon Ave & Gordon Ter,312
Clarendon Ave & Gordon Ter,13379
Clarendon Ave & Junior Ter,245
Clarendon Ave & Junior Ter,13389
Clarendon Ave & Leland Ave,251
Clarendon Ave & Leland Ave,TA1307000119
Clark St & 9th St (AMLI),394
Clark St & 9th St (AMLI),SL-009
Clark St & Armitage Ave,94
Clark St & Armitage Ave,13146
Clark St & Berwyn Ave,463
Clark St & Berwyn Ave,KA1504000146
Clark St & Bryn Mawr Ave,460
Clark St & Bryn Mawr Ave,KA1504000151
Clark St & Chicago Ave,337
Clark St & Chicago Ave,13303
Clark St & Columbia Ave,449
Clark St & Columbia Ave,RP-008
Clark St & Drummond Pl,220
Clark St & Drummond Pl,TA1307000142
Clark St & Elm St,176
Clark St & Elm St,TA1307000039
Clark St & Elmdale Ave,457
Clark St & Elmdale Ave,KA1504000148
Clark St & Grace St,165
Clark St & Grace St,TA1307000127
Clark St & Ida B Wells Dr,50
Clark St & Ida B Wells Dr,TA1305000009
Clark St & Jarvis Ave,517
Clark St & Lake St,38
Clark St & Lake St,KA1503000012
Clark St & Leland Ave,326
Clark St & Leland Ave,TA1309000014
Clark St & Lincoln Ave,141
Clark St & Lincoln Ave,13179
Clark St & Lunt Ave,432
Clark St & Lunt Ave,KA1504000162
Clark St & Montrose Ave,234
Clark St & Montrose Ave,KA1503000022
Clark St & Newport St,632
Clark St & North Ave,126
Clark St & North Ave,13128
Clark St & Randolph St,51
Clark St & Randolph St,TA1305000030
Clark St & Schiller St,301
Clark St & Schiller St,TA1309000024
Clark St & Schreiber Ave,453
Clark St & Schreiber Ave,KA1504000156
Clark St & Touhy Ave,353
Clark St & Touhy Ave,RP-007
Clark St & Wellington Ave,156
Clark St & Wellington Ave,TA1307000136
Clark St & Winnemac Ave,325
Clark St & Winnemac Ave,TA1309000035
Clark St & Wrightwood Ave,340
Clark St & Wrightwood Ave,TA1305000014
Clifton Ave & Armitage Ave,223
Clifton Ave & Armitage Ave,TA1307000163
Clinton St & 18th St,170
Clinton St & 18th St,TA1307000044
Clinton St & Jackson Blvd,638
Clinton St & Lake St,66
Clinton St & Lake St,13021
Clinton St & Madison St,77
Clinton St & Madison St,TA1305000032
Clinton St & Polk St,103
Clinton St & Polk St,15542
Clinton St & Roosevelt Rd,57
Clinton St & Roosevelt Rd,WL-008
Clinton St & Tilden St,68
Clinton St & Tilden St,13037
Clinton St & Washington Blvd,91
Clinton St & Washington Blvd,WL-012
Clybourn Ave & Division St,138
Clybourn Ave & Division St,TA1307000115
Clyde Ave & 87th St,708
Clyde Ave & 87th St,20230
Columbus Dr & Randolph St,195
Columbus Dr & Randolph St,13263
Commercial Ave & 130th St,722
Commercial Ave & 130th St,20213
Commercial Ave & 83rd St,581
Commercial Ave & 83rd St,TA1309000051
Conservatory Dr & Lake St,518
Constance Ave & 95th St,701
Cornell Ave & Hyde Park Blvd,417
Cornell Ave & Hyde Park Blvd,KA1503000007
Cornell Dr & Hayes Dr,653
Cottage Grove Ave & 111th Pl,698
Cottage Grove Ave & 111th Pl,20131
Cottage Grove Ave & 43rd St,271
Cottage Grove Ave & 43rd St,TA1308000023
Cottage Grove Ave & 47th St,336
Cottage Grove Ave & 47th St,TA1309000053
Cottage Grove Ave & 51st St,351
Cottage Grove Ave & 51st St,TA1309000067
Cottage Grove Ave & 63rd St,427
Cottage Grove Ave & 63rd St,KA1503000054
Cottage Grove Ave & 67th St,429
Cottage Grove Ave & 67th St,KA1503000031
Cottage Grove Ave & 71st St,400
Cottage Grove Ave & 71st St,KA1503000003
Cottage Grove Ave & 78th St,575
Cottage Grove Ave & 83rd St,585
Cottage Grove Ave & Oakwood Blvd,265
Cottage Grove Ave & Oakwood Blvd,TA1308000038
Daley Center Plaza,81
Daley Center Plaza,TA1306000010
Damen Ave & 51st St,554
Damen Ave & 59th St,561
Damen Ave & Charleston St,310
Damen Ave & Charleston St,13288
Damen Ave & Chicago Ave,128
Damen Ave & Chicago Ave,13132
Damen Ave & Clybourn Ave,163
Damen Ave & Clybourn Ave,13271
Damen Ave & Cortland St,219
Damen Ave & Cortland St,13133
Damen Ave & Coulter St,167
Damen Ave & Coulter St,TA1307000066
Damen Ave & Cullerton St,124
Damen Ave & Cullerton St,13089
Damen Ave & Division St,130
Damen Ave & Division St,13136
Damen Ave & Foster Ave,464
Damen Ave & Foster Ave,KA1504000149
Damen Ave & Grand Ave,214
Damen Ave & Grand Ave,TA1308000006
Damen Ave & Leland Ave,242
Damen Ave & Leland Ave,TA1307000158
Damen Ave & Madison St,215
Damen Ave & Madison St,13134
Damen Ave & Melrose Ave,228
Damen Ave & Melrose Ave,13143
Damen Ave & Pershing Rd,546
Damen Ave & Pierce Ave,69
Damen Ave & Pierce Ave,TA1305000041
Damen Ave & Sunnyside Ave,316
Damen Ave & Sunnyside Ave,TA1309000012
Damen Ave & Thomas St (Augusta Blvd),183
Damen Ave & Thomas St (Augusta Blvd),TA1307000070
Damen Ave & Walnut (Lake) St,656
Damen Ave & Walnut (Lake) St,KA17018054
Damen Ave & Walnut (Lake) St (*),656
Damen Ave & Wellington Ave,162
Damen Ave & Wellington Ave,13268
Dauphin Ave & 103rd St,695
Dauphin Ave & 103rd St,20113
Dauphin Ave & 87th St,706
Dauphin Ave & 87th St,20116
Dayton St & North Ave,60
Dayton St & North Ave,13058
Dearborn Pkwy & Delaware Pl,140
Dearborn Pkwy & Delaware Pl,TA1307000128
Dearborn St & Adams St,37
Dearborn St & Adams St,TA1305000005
Dearborn St & Erie St,110
Dearborn St & Erie St,13045
Dearborn St & Monroe St,49
Dearborn St & Monroe St,TA1305000006
Dearborn St & Van Buren St,624
Delano Ct & Roosevelt Rd,626
Delano Ct & Roosevelt Rd,KA1706005007
Desplaines St & Jackson Blvd,107
Desplaines St & Jackson Blvd,15539
Desplaines St & Kinzie St,56
Desplaines St & Kinzie St,TA1306000003
Desplaines St & Randolph St,96
Desplaines St & Randolph St,15535
Dodge Ave & Church St,600
Dodge Ave & Main St,E011
Dodge Ave & Main St,625
Dodge Ave & Mulford St,662
Dorchester Ave & 49th St,416
Dorchester Ave & 49th St,KA1503000069
Dorchester Ave & 63rd St,428
Dorchester Ave & 63rd St,KA1503000046
Drake Ave & Addison St,489
Drake Ave & Addison St,KA1504000142
Drake Ave & Fullerton Ave,503
Drake Ave & Montrose Ave,479
Drake Ave & Montrose Ave,KA1504000097
DuSable Museum,422
DuSable Museum,KA1503000075
Dusable Harbor,6
Dusable Harbor,KA1503000064
East End Ave & 87th St,686
East End Ave & 87th St,20231
Eastlake Ter & Rogers Ave,523
Eberhart Ave & 131st St,716
Eberhart Ave & 61st St,431
Eberhart Ave & 61st St,KA1503000033
Eberhart Ave & 91st St,682
Eberhart Ave & 91st St,20110
Eckhart Park,86
Eckhart Park,13289
Eggleston Ave & 69th St,650
Eggleston Ave & 69th St (*),650
Eggleston Ave & 92nd St,691
Eggleston Ave & 92nd St,20118
Elizabeth (May) St & Fulton St,217
Elizabeth (May) St & Fulton St,13197
Elizabeth St & 47th St,553
Elizabeth St & 59th St,647
Elizabeth St & 92nd St,689
Elizabeth St & 92nd St,20119
Ellis Ave & 53rd St,418
Ellis Ave & 53rd St,KA1503000052
Ellis Ave & 55th St,420
Ellis Ave & 55th St,KA1504000076
Ellis Ave & 58th St,328
Ellis Ave & 58th St,TA1309000011
Ellis Ave & 60th St,426
Ellis Ave & 60th St,KA1503000014
Ellis Ave & 83rd St,584
Elmwood Ave & Austin St,598
Elston Ave & Wabansia Ave,315
Elston Ave & Wabansia Ave,TA1309000032
Emerald Ave & 28th St,207
Emerald Ave & 28th St,TA1307000153
Emerald Ave & 31st St,339
Emerald Ave & 31st St,TA1309000055
Evans Ave & 75th St,570
Evanston Civic Center,661
Ewing Ave & Burnham Greenway,718
Ewing Ave & Burnham Greenway,20223
Exchange Ave & 79th St,580
Fairbanks Ct & Grand Ave,24
Fairbanks Ct & Grand Ave,TA1305000003
Fairbanks St & Superior St,635
Fairbanks St & Superior St,18003
Fairfield Ave & Roosevelt Rd,436
Fairfield Ave & Roosevelt Rd,KA1504000102
Federal St & Polk St,41
Federal St & Polk St,SL-008
Field Blvd & South Water St,7
Field Blvd & South Water St,15534
Field Museum,97
Field Museum,13029
Financial Pl & Ida B Wells Dr,89
Financial Pl & Ida B Wells Dr,SL-010
Fort Dearborn Dr & 31st St,150
Fort Dearborn Dr & 31st St,TA1307000048
Francisco Ave & Foster Ave,471
Francisco Ave & Foster Ave,KA1504000160
Franklin St & Adams St (Temp),286
Franklin St & Adams St (Temp),TA1309000008
Franklin St & Chicago Ave,31
Franklin St & Chicago Ave,13017
Franklin St & Illinois St,672
Franklin St & Illinois St,RN-
Franklin St & Jackson Blvd,36
Franklin St & Jackson Blvd,TA1305000025
Franklin St & Lake St,164
Franklin St & Lake St,TA1307000111
Franklin St & Monroe St,287
Franklin St & Monroe St,TA1309000007
Glenwood Ave & Morse Ave,447
Glenwood Ave & Morse Ave,KA1504000175
Glenwood Ave & Touhy Ave,525
Green St & Madison St,198
Green St & Madison St,TA1307000120
Green St & Randolph St,112
Green St & Randolph St,13053
Greenview Ave & Diversey Pkwy,319
Greenview Ave & Diversey Pkwy,13294
Greenview Ave & Fullerton Ave,188
Greenview Ave & Fullerton Ave,TA1307000001
Greenview Ave & Jarvis Ave,520
Greenwood Ave & 47th St,252
Greenwood Ave & 47th St,TA1308000002
Greenwood Ave & 79th St,576
Greenwood Ave & 91st St,702
Greenwood Ave & 91st St,20235
Greenwood Ave & 97th St,703
Greenwood Ave & 97th St,20238
HQ QR,675
HUBBARD ST BIKE CHECKING (LBS-WH-TEST),671
HUBBARD ST BIKE CHECKING (LBS-WH-TEST),Hubbard Bike-checking (LBS-WH-TEST)
Hale Ave & 107th St,723
Hale Ave & 107th St,20108
Halsted St & 104th St,709
Halsted St & 104th St,725
Halsted St & 111th St,711
Halsted St & 111th St,20127
Halsted St & 18th St,202
Halsted St & 18th St,13099
Halsted St & 21st St,135
Halsted St & 21st St,13162
Halsted St & 35th St,279
Halsted St & 35th St,TA1308000043
Halsted St & 37th St,262
Halsted St & 37th St,TA1307000161
Halsted St & 47th Pl,411
Halsted St & 47th Pl,KA1503000051
Halsted St & 51st St,384
Halsted St & 51st St,KA1503000010
Halsted St & 56th St,386
Halsted St & 56th St,KA1503000011
Halsted St & 59th St,593
Halsted St & 63rd St,388
Halsted St & 63rd St,KA1503000055
Halsted St & 69th St,391
Halsted St & 69th St,15597
Halsted St & 73rd St,678
Halsted St & 73rd St,20244
Halsted St & 78th St,681
Halsted St & 78th St,20233
Halsted St & 96th St,700
Halsted St & 96th St,20105
Halsted St & Archer Ave,206
Halsted St & Archer Ave,TA1308000013
Halsted St & Clybourn Ave,331
Halsted St & Dickens Ave,225
Halsted St & Dickens Ave,13192
Halsted St & Maxwell St,282
Halsted St & Maxwell St,TA1309000001
Halsted St & North Branch St,365
Halsted St & North Branch St,KA1504000117
Halsted St & Polk St,108
Halsted St & Polk St,TA1307000121
Halsted St & Roosevelt Rd,55
Halsted St & Roosevelt Rd,TA1305000017
Halsted St & Roscoe St,299
Halsted St & Roscoe St,TA1309000025
Halsted St & Willow St,224
Halsted St & Willow St,TA1307000166
Halsted St & Wrightwood Ave,349
Halsted St & Wrightwood Ave,TA1309000061
Harper Ave & 59th St,425
Harper Ave & 59th St,KA1503000070
Hegewisch Metra Station,732
Hermitage Ave & Polk St,261
Hermitage Ave & Polk St,13080
Homewood Ave & 115th St,724
Homewood Ave & 115th St,20206
Honore St & Division St,17
Honore St & Division St,TA1305000034
Houston Ave & 92nd St,694
Houston Ave & 92nd St,20242
Hoyne Ave & 47th St,551
Hoyne Ave & 47th St,KA1504000091
Hoyne Ave & Balmoral Ave,655
Humboldt Blvd & Armitage Ave,507
Humboldt Blvd & Armitage Ave,15651
Indiana Ave & 103rd St,696
Indiana Ave & 26th St,147
Indiana Ave & 26th St,TA1307000005
Indiana Ave & 31st St,272
Indiana Ave & 31st St,TA1308000036
Indiana Ave & 40th St,201
Indiana Ave & 40th St,13083
Indiana Ave & Roosevelt Rd,255
Indiana Ave & Roosevelt Rd,SL-005
Jefferson St & Monroe St,73
Jefferson St & Monroe St,WL-011
Jeffery Blvd & 67th St,352
Jeffery Blvd & 67th St,KA1503000030
Jeffery Blvd & 71st St,11
Jeffery Blvd & 71st St,KA1503000018
Jeffery Blvd & 76th St,395
Jeffery Blvd & 76th St,KA1503000028
Jeffery Blvd & 91st St,704
Karlov Ave & Madison St,534
Kedzie Ave & 21st St,439
Kedzie Ave & 21st St,15686
Kedzie Ave & 24th St,441
Kedzie Ave & 24th St,KA1504000086
Kedzie Ave & Bryn Mawr Ave,494
Kedzie Ave & Bryn Mawr Ave,KA1504000167
Kedzie Ave & Chicago Ave,373
Kedzie Ave & Chicago Ave,KA1504000114
Kedzie Ave & Foster Ave,470
Kedzie Ave & Foster Ave,KA1504000128
Kedzie Ave & Harrison St,433
Kedzie Ave & Harrison St,KA1504000082
Kedzie Ave & Lake St,377
Kedzie Ave & Lake St,KA1504000106
Kedzie Ave & Leland Ave,476
Kedzie Ave & Leland Ave,KA1504000126
Kedzie Ave & Milwaukee Ave,260
Kedzie Ave & Milwaukee Ave,13085
Kedzie Ave & Palmer Ct,290
Kedzie Ave & Palmer Ct,13292
Kedzie Ave & Roosevelt Rd,435
Kedzie Ave & Roosevelt Rd,15682
Kenton Ave & Madison St,537
Keystone Ave & Fullerton Ave,619
Keystone Ave & Fullerton Ave,16010
Keystone Ave & Montrose Ave,495
Keystone Ave & Montrose Ave,KA1504000164
Kilbourn Ave & Irving Park Rd,590
Kilbourn Ave & Milwaukee Ave,591
Kilbourn Ave & Milwaukee Ave,16994
Kildare Ave & Montrose Ave,630
Kildare Ave & Montrose Ave,KA1706005015
Kimball Ave & Belmont Ave,497
Kimball Ave & Belmont Ave,KA150400009X
Kimbark Ave & 53rd St,322
Kimbark Ave & 53rd St,TA1309000037
Kingsbury St & Erie St,74
Kingsbury St & Erie St,13265
Kingsbury St & Kinzie St,133
Kingsbury St & Kinzie St,KA1503000043
Knox Ave & Montrose Ave,592
Kosciuszko Park,499
Kosciuszko Park,15643
Kostner Ave & Adams St,545
Kostner Ave & Lake St,536
LaSalle Dr & Huron St,627
LaSalle Dr & Huron St,KP1705001026
LaSalle St & Adams St,40
LaSalle St & Adams St,KA1503000034
LaSalle St & Illinois St,181
LaSalle St & Illinois St,13430
LaSalle St & Jackson Blvd,283
LaSalle St & Jackson Blvd,TA1309000004
LaSalle St & Washington St,98
LaSalle St & Washington St,13006
Laflin St & Cullerton St,208
Laflin St & Cullerton St,13307
Lake Park Ave & 35th St,406
Lake Park Ave & 35th St,KA1503000004
Lake Park Ave & 47th St,267
Lake Park Ave & 47th St,TA1308000035
Lake Park Ave & 53rd St,419
Lake Park Ave & 53rd St,KA1503000059
Lake Park Ave & 56th St,345
Lake Park Ave & 56th St,TA1309000063
Lake Shore Dr & Belmont Ave,334
Lake Shore Dr & Belmont Ave,TA1309000049
Lake Shore Dr & Diversey Pkwy,329
Lake Shore Dr & Diversey Pkwy,TA1309000039
Lake Shore Dr & Monroe St,76
Lake Shore Dr & Monroe St,13300
Lake Shore Dr & North Blvd,268
Lake Shore Dr & North Blvd,LF-005
Lake Shore Dr & Ohio St,99
Lake Shore Dr & Ohio St,TA1306000029
Lake Shore Dr & Wellington Ave,157
Lake Shore Dr & Wellington Ave,TA1307000041
Lakefront Trail & Bryn Mawr Ave,459
Lakefront Trail & Bryn Mawr Ave,KA1504000152
Lakefront Trail & Wilson Ave,639
Lakeview Ave & Fullerton Pkwy,313
Lakeview Ave & Fullerton Pkwy,TA1309000019
Laramie Ave & Gladys Ave,543
Laramie Ave & Kinzie St,530
Laramie Ave & Madison St,540
Larrabee St & Armitage Ave,288
Larrabee St & Armitage Ave,TA1309000006
Larrabee St & Division St,359
Larrabee St & Division St,KA1504000079
Larrabee St & Kingsbury St,48
Larrabee St & Kingsbury St,TA1306000009
Larrabee St & Menomonee St,28
Larrabee St & Menomonee St,TA1306000007
Larrabee St & North Ave,27
Larrabee St & North Ave,TA1306000008
Larrabee St & Oak St,364
Larrabee St & Oak St,KA1504000116
Larrabee St & Webster Ave,144
Larrabee St & Webster Ave,13193
Latrobe Ave & Chicago Ave,642
Lawndale Ave & 111th St,730
Lawndale Ave & 111th St,20203
Leavitt St & Addison St,492
Leavitt St & Addison St,KA1504000143
Leavitt St & Archer Ave,9
Leavitt St & Archer Ave,KA1503000068
Leavitt St & Armitage Ave,309
Leavitt St & Armitage Ave,TA1309000029
Leavitt St & Belmont Ave,664
Leavitt St & Belmont Ave,KA17018068
Leavitt St & Belmont Ave (*),664
Leavitt St & Chicago Ave,659
Leavitt St & Chicago Ave,18058
Leavitt St & Division St,658
Leavitt St & Division St (*),658
Leavitt St & Lawrence Ave,311
Leavitt St & Lawrence Ave,TA1309000015
Leavitt St & North Ave,213
Leavitt St & North Ave,TA1308000005
Lincoln Ave & Addison St,330
Lincoln Ave & Addison St,TA1309000050
Lincoln Ave & Belle Plaine Ave,298
Lincoln Ave & Belle Plaine Ave,TA1309000026
Lincoln Ave & Belmont Ave,131
Lincoln Ave & Belmont Ave,TA1309000042
Lincoln Ave & Diversey Pkwy,152
Lincoln Ave & Diversey Pkwy,TA1307000064
Lincoln Ave & Fullerton Ave,127
Lincoln Ave & Fullerton Ave,TA1309000058
Lincoln Ave & Roscoe St,230
Lincoln Ave & Roscoe St,TA1307000138
Lincoln Ave & Sunnyside Ave,243
Lincoln Ave & Sunnyside Ave,TA1307000156
Lincoln Ave & Waveland Ave,257
Lincoln Ave & Waveland Ave,13253
Lincoln Ave & Winona St,472
Lincoln Ave & Winona St,KA1504000078
Lincoln Park Conservatory,673
Lincoln Park Conservatory,LP-
Lincolnwood Dr & Central St,663
Lincolnwood Dr & Central St,E014
Logan Blvd & Elston Ave,258
Logan Blvd & Elston Ave,TA1308000031
Loomis Blvd & 84th St,687
Loomis Blvd & 84th St,20121
Loomis St & Archer Ave,366
Loomis St & Archer Ave,KA1503000040
Loomis St & Jackson Blvd,146
Loomis St & Jackson Blvd,13206
Loomis St & Lexington St,320
Loomis St & Lexington St,13332
MLK Jr Dr & 29th St,237
MLK Jr Dr & 29th St,TA1307000139
MLK Jr Dr & 47th St,200
MLK Jr Dr & 47th St,TA1308000007
MLK Jr Dr & 56th St,421
MLK Jr Dr & 56th St,KA1503000073
MLK Jr Dr & 63rd St,430
MLK Jr Dr & 63rd St,KA1503000053
MLK Jr Dr & 83rd St,586
MLK Jr Dr & Pershing Rd,179
MLK Jr Dr & Pershing Rd,13420
MTL-ECO5.1-01,670
Major Taylor Trail & 115th St,713
Major Taylor Trail & 115th St,20207
Major Taylor Trail & 124th St,715
Malcolm X College,631
Manor Ave & Leland Ave,477
Manor Ave & Leland Ave,KA1504000127
Maplewood Ave & Peterson Ave,455
Maplewood Ave & Peterson Ave,KA1504000130
Marine Dr & Ainslie St,465
Marine Dr & Ainslie St,KA1504000171
Marquette Ave & 89th St,692
Marquette Ave & 89th St,20239
Marshfield Ave & 44th St,549
Marshfield Ave & 59th St,560
Marshfield Ave & Cortland St,58
Marshfield Ave & Cortland St,TA1305000039
May St & 69th St,567
May St & Cullerton St,171
May St & Cullerton St,13331
May St & Taylor St,22
May St & Taylor St,13160
McClurg Ct & Erie St,142
McClurg Ct & Erie St,KA1503000041
McClurg Ct & Illinois St,26
McCormick Place,62
McCormick Place,TA1305000004
Michigan Ave & 114th St,709
Michigan Ave & 114th St,20243
Michigan Ave & 14th St,168
Michigan Ave & 14th St,TA1307000124
Michigan Ave & 18th St,273
Michigan Ave & 18th St,13150
Michigan Ave & 71st St,651
Michigan Ave & 71st St,674
Michigan Ave & 8th St,623
Michigan Ave & Ida B Wells Dr,45
Michigan Ave & Ida B Wells Dr,TA1305000010
Michigan Ave & Jackson Blvd,284
Michigan Ave & Jackson Blvd,TA1309000002
Michigan Ave & Lake St,52
Michigan Ave & Lake St,TA1305000011
Michigan Ave & Madison St,197
Michigan Ave & Madison St,13036
Michigan Ave & Oak St,85
Michigan Ave & Oak St,13042
Michigan Ave & Pearson St,25
Michigan Ave & Pearson St,13034
Michigan Ave & Washington St,43
Michigan Ave & Washington St,13001
Mies van der Rohe Way & Chestnut St,145
Mies van der Rohe Way & Chestnut St,15529
Mies van der Rohe Way & Chicago Ave,173
Mies van der Rohe Way & Chicago Ave,13338
Millard Ave & 26th St,443
Millard Ave & 26th St,KA1504000110
Millennium Park,90
Millennium Park,13008
Milwaukee Ave & Cuyler Ave,589
Milwaukee Ave & Cuyler Ave,16991
Milwaukee Ave & Grand Ave,84
Milwaukee Ave & Grand Ave,13033
Milwaukee Ave & Rockwell St,222
Milwaukee Ave & Rockwell St,13242
Milwaukee Ave & Wabansia Ave,158
Milwaukee Ave & Wabansia Ave,13243
Monticello Ave & Irving Park Rd,484
Monticello Ave & Irving Park Rd,KA1504000139
Montrose Harbor,249
Montrose Harbor,TA1308000012
Morgan Ave & 14th Pl,137
Morgan Ave & 14th Pl,TA1306000002
Morgan St & 18th St,14
Morgan St & 18th St,13163
Morgan St & 31st St,280
Morgan St & 31st St,TA1308000046
Morgan St & Lake St,71
Morgan St & Lake St,TA1306000015
Morgan St & Pershing Rd,548
Morgan St & Pershing Rd,16933
Morgan St & Polk St,241
Morgan St & Polk St,TA1307000130
Museum of Science and Industry,424
Museum of Science and Industry,KA1503000074
N Carpenter St & W Lake St,20251.0
N Clark St & W Elm St,
N Green St & W Lake St,20246.0
New St & Illinois St,26
New St & Illinois St,TA1306000013
Noble St & Milwaukee Ave,29
Noble St & Milwaukee Ave,13290
Normal Ave & Archer Ave,209
Normal Ave & Archer Ave,TA1308000014
Oakley Ave & Irving Park Rd,486
Oakley Ave & Irving Park Rd,KA1504000158
Oakley Ave & Touhy Ave,526
Oakley Ave & Touhy Ave,RP-004
Ogden Ave & Chicago Ave,54
Ogden Ave & Chicago Ave,TA1305000020
Ogden Ave & Congress Pkwy,122
Ogden Ave & Congress Pkwy,13081
Ogden Ave & Race Ave,186
Ogden Ave & Race Ave,13194
Ogden Ave & Roosevelt Rd,434
Ogden Ave & Roosevelt Rd,KA1504000101
Oglesby Ave & 100th St,697
Oglesby Ave & 100th St,20226
Orleans St & Chestnut St (NEXT Apts),620
Orleans St & Elm St,23
Orleans St & Elm St,TA1306000006
Orleans St & Hubbard St,636
Orleans St & Merchandise Mart Plaza,100
Orleans St & Merchandise Mart Plaza,TA1305000022
Paulina Ave & North Ave,16
Paulina Ave & North Ave,TA1305000037
Paulina St & 18th St,205
Paulina St & 18th St,TA1307000159
Paulina St & Flournoy St,383
Paulina St & Flournoy St,KA1504000104
Paulina St & Howard St,515
Paulina St & Montrose Ave,297
Paulina St & Montrose Ave,TA1309000021
Peoria St & Jackson Blvd,134
Peoria St & Jackson Blvd,13158
Perry Ave & 69th St,392
Perry Ave & 69th St,KA1503000047
Phillips Ave & 79th St,579
Phillips Ave & 83rd St,582
Pine Grove Ave & Irving Park Rd,254
Pine Grove Ave & Irving Park Rd,TA1308000022
Pine Grove Ave & Waveland Ave,232
Pine Grove Ave & Waveland Ave,TA1307000150
Prairie Ave & 43rd St,410
Prairie Ave & 43rd St,KA1503000027
Prairie Ave & Garfield Blvd,204
Prairie Ave & Garfield Blvd,TA1307000160
Princeton Ave & 47th St,412
Princeton Ave & 47th St,KA1503000009
Princeton Ave & Garfield Blvd,385
Princeton Ave & Garfield Blvd,KA1503000013
Prospect Sq & 91st St,684
Prospect Sq & 91st St,20103
Pulaski Rd & Congress Pkwy,535
Pulaski Rd & Eddy St (Temp),488
Pulaski Rd & Eddy St (Temp),KA1504000141
Pulaski Rd & Lake St,528
Racine Ave & 13th St,136
Racine Ave & 13th St,13165
Racine Ave & 15th St,274
Racine Ave & 15th St,13304
Racine Ave & 18th St,15
Racine Ave & 18th St,13164
Racine Ave & 35th St,367
Racine Ave & 35th St,15446
Racine Ave & 61st St,562
Racine Ave & 65th St,564
Racine Ave & Belmont Ave,226
Racine Ave & Belmont Ave,TA1308000019
Racine Ave & Congress Pkwy,32
Racine Ave & Congress Pkwy,TA1306000025
Racine Ave & Fullerton Ave,87
Racine Ave & Fullerton Ave,TA1306000026
Racine Ave & Garfield Blvd,559
Racine Ave & Randolph St,88
Racine Ave & Randolph St,13155
Racine Ave & Washington Blvd,654
Racine Ave & Washington Blvd (*),654
Racine Ave & Wrightwood Ave,343
Racine Ave & Wrightwood Ave,TA1309000059
Rainbow Beach,398
Rainbow Beach,KA1503000049
Ravenswood Ave & Berteau Ave,314
Ravenswood Ave & Berteau Ave,TA1309000018
Ravenswood Ave & Irving Park Rd,244
Ravenswood Ave & Irving Park Rd,TA1307000149
Ravenswood Ave & Lawrence Ave,344
Ravenswood Ave & Lawrence Ave,TA1309000066
Rhodes Ave & 32nd St,263
Rhodes Ave & 32nd St,13215
Rhodes Ave & 71st St,652
Richmond St & Diversey Ave,501
Richmond St & Diversey Ave,15645
Ridge Blvd & Howard St,514
Ridge Blvd & Touhy Ave,466
Ridge Blvd & Touhy Ave,RP-006
Ritchie Ct & Banks St,180
Ritchie Ct & Banks St,KA1504000134
Rockwell St & Eastwood Ave,478
Rockwell St & Eastwood Ave,KA1504000093
Rush St & Cedar St,172
Rush St & Cedar St,KA1504000133
Rush St & Hubbard St,125
Rush St & Hubbard St,KA1503000044
Rush St & Superior St,161
Rush St & Superior St,15530
S Michigan Ave & E 118th St,
Sacramento Blvd & Franklin Blvd,375
Sacramento Blvd & Franklin Blvd,KA1504000113
Sangamon St & Washington Blvd,233
Sangamon St & Washington Blvd,13409
Sawyer Ave & Irving Park Rd,485
Sawyer Ave & Irving Park Rd,KA1504000096
Sedgwick St & Huron St,111
Sedgwick St & Huron St,TA1307000062
Sedgwick St & North Ave,118
Sedgwick St & North Ave,TA1307000038
Sedgwick St & Schiller St,236
Sedgwick St & Schiller St,TA1307000143
Sedgwick St & Webster Ave,143
Sedgwick St & Webster Ave,13191
Seeley Ave & Garfield Blvd,557
Seeley Ave & Roscoe St,308
Seeley Ave & Roscoe St,13144
Shedd Aquarium,3
Shedd Aquarium,15544
Sheffield Ave & Fullerton Ave,67
Sheffield Ave & Fullerton Ave,TA1306000016
Sheffield Ave & Kingsbury St,20
Sheffield Ave & Kingsbury St,13154
Sheffield Ave & Waveland Ave,114
Sheffield Ave & Waveland Ave,TA1307000126
Sheffield Ave & Webster Ave,327
Sheffield Ave & Webster Ave,TA1309000033
Sheffield Ave & Wellington Ave,115
Sheffield Ave & Wellington Ave,TA1307000052
Sheffield Ave & Willow St,93
Sheffield Ave & Willow St,TA1306000032
Sheffield Ave & Wrightwood Ave,302
Sheffield Ave & Wrightwood Ave,TA1309000023
Sheridan Rd & Buena Ave,306
Sheridan Rd & Buena Ave,TA1309000027
Sheridan Rd & Columbia Ave,660
Sheridan Rd & Greenleaf Ave,354
Sheridan Rd & Greenleaf Ave,KA1504000159
Sheridan Rd & Irving Park Rd,240
Sheridan Rd & Irving Park Rd,13063
Sheridan Rd & Lawrence Ave,323
Sheridan Rd & Lawrence Ave,TA1309000041
Sheridan Rd & Loyola Ave,451
Sheridan Rd & Loyola Ave,RP-009
Sheridan Rd & Montrose Ave,231
Sheridan Rd & Montrose Ave,TA1307000107
Sheridan Rd & Noyes St (NU),604
Shields Ave & 28th Pl,401
Shields Ave & 28th Pl,15443
Shields Ave & 31st St,402
Shields Ave & 31st St,KA1503000038
Shields Ave & 43rd St,409
Shields Ave & 43rd St,KA1503000001
Shore Dr & 55th St,247
Shore Dr & 55th St,TA1308000009
Smith Park,643
Smith Park (*),643
South Chicago Ave & 83rd St,588
South Chicago Ave & Elliot Ave,665
South Shore Dr & 67th St,355
South Shore Dr & 67th St,KA1503000029
South Shore Dr & 71st St,12
South Shore Dr & 71st St,KA1503000002
South Shore Dr & 74th St,399
South Shore Dr & 74th St,KA1503000020
Southport Ave & Belmont Ave,154
Southport Ave & Belmont Ave,13229
Southport Ave & Clark St,292
Southport Ave & Clark St,TA1308000047
Southport Ave & Clybourn Ave,307
Southport Ave & Clybourn Ave,TA1309000030
Southport Ave & Irving Park Rd,318
Southport Ave & Irving Park Rd,TA1309000043
Southport Ave & Roscoe St,229
Southport Ave & Roscoe St,13071
Southport Ave & Waveland Ave,227
Southport Ave & Waveland Ave,13235
Southport Ave & Wellington Ave,153
Southport Ave & Wellington Ave,TA1307000006
Southport Ave & Wrightwood Ave,190
Southport Ave & Wrightwood Ave,TA1307000113
Spaulding Ave & Armitage Ave,506
Spaulding Ave & Armitage Ave,15650
Spaulding Ave & Division St,510
Spaulding Ave & Division St,15654
St. Clair St & Erie St,211
St. Clair St & Erie St,13016
St. Louis Ave & Balmoral Ave,469
St. Louis Ave & Balmoral Ave,KA1504000161
St. Louis Ave & Fullerton Ave,503
St. Louis Ave & Fullerton Ave,KA1504000090
State St & 123rd St,714
State St & 123rd St,20210
State St & 19th St,178
State St & 19th St,SL-013
State St & 29th St,193
State St & 29th St,13213
State St & 33rd St,148
State St & 33rd St,13216
State St & 35th St,184
State St & 35th St,TA1307000129
State St & 54th St,646
State St & 76th St,572
State St & 79th St,573
State St & 95th St,690
State St & 95th St,20104
State St & Harrison St,5
State St & Harrison St,SL-007
State St & Kinzie St,47
State St & Kinzie St,13050
State St & Pearson St,106
State St & Pearson St,TA1307000061
State St & Pershing Rd,407
State St & Pershing Rd,15449
State St & Randolph St,44
State St & Randolph St,TA1305000029
State St & Van Buren St,33
State St & Van Buren St,TA1305000035
Stave St & Armitage Ave,185
Stave St & Armitage Ave,13266
Stetson Ave & South Water St,264
Stetson Ave & South Water St,TA1308000029
Stewart Ave & 63rd St,649
Stewart Ave & 63rd St (*),649
Stewart Ave & 83rd St,677
Stewart Ave & 83rd St,20120
Stockton Dr & Wrightwood Ave,324
Stockton Dr & Wrightwood Ave,13276
Stony Island Ave & 64th St,95
Stony Island Ave & 64th St,KA1503000021
Stony Island Ave & 67th St,102
Stony Island Ave & 67th St,KA1503000023
Stony Island Ave & 71st St,356
Stony Island Ave & 71st St,KA1503000045
Stony Island Ave & 75th St,270
Stony Island Ave & 75th St,KA1503000019
Stony Island Ave & 82nd St,583
Stony Island Ave & 90th St,705
Stony Island Ave & 90th St,20236
Stony Island Ave & South Chicago Ave,577
Streeter Dr & Grand Ave,35
Streeter Dr & Grand Ave,13022
Summit Ave & 86th St,685
Talman Ave & Addison St,491
Talman Ave & Addison St,15632
Theater on the Lake,177
Theater on the Lake,TA1308000001
Throop (Loomis) St & Taylor St,19
Throop St & 52nd St,556
Throop St & Taylor St,19
Throop St & Taylor St,13139
Torrence Ave & 106th St,707
Torrence Ave & 106th St,20221
Torrence Ave & 126th Pl,720
Troy St & Elston Ave,490
Troy St & Elston Ave,15631
Troy St & North Ave,509
Troy St & North Ave,15653
Union Ave & Root St,408
Union Ave & Root St,KA1503000032
University Ave & 57th St,423
University Ave & 57th St,KA1503000071
University Library (NU),605
Valli Produce - Evanston Plaza,599
Vernon Ave & 107th St,699
Vernon Ave & 107th St,20109
Vernon Ave & 75th St,571
Vernon Ave & 79th St,574
Vincennes Ave & 104th St,726
Vincennes Ave & 75th St,568
Vincennes Ave & 75th St,16953
W Armitage Ave & N Sheffield Ave,
W Armitage Ave & N Sheffield Ave,20254.0
W Oakdale Ave & N Broadway,
W Oakdale Ave & N Broadway,20252.0
W Washington Blvd & N Peoria St,20247.0
WATSON TESTING - DIVVY,676
Wabash Ave & 16th St,72
Wabash Ave & 16th St,SL-012
Wabash Ave & 83rd St,587
Wabash Ave & 87th St,595
Wabash Ave & 9th St,321
Wabash Ave & 9th St,TA1309000010
Wabash Ave & Adams St,39
Wabash Ave & Adams St,KA1503000015
Wabash Ave & Cermak Rd,42
Wabash Ave & Cermak Rd,TA1305000001
Wabash Ave & Grand Ave,199
Wabash Ave & Grand Ave,TA1307000117
Wabash Ave & Roosevelt Rd,59
Wabash Ave & Roosevelt Rd,TA1305000002
Wabash Ave & Wacker Pl,194
Wabash Ave & Wacker Pl,TA1307000131
Wacker Dr & Washington St,18
Wacker Dr & Washington St,KA1503000072
Walden Pkwy & 100th St,721
Walden Pkwy & 100th St,20107
Wallace St & 35th St,278
Wallace St & 35th St,TA1308000045
Walsh Park,628
Walsh Park,18067
Warren Park East,448
Warren Park East,RP-002
Warren Park West,450
Warren Park West,RP-001
Washtenaw Ave & Lawrence Ave,475
Washtenaw Ave & Lawrence Ave,KA1504000080
Washtenaw Ave & Ogden Ave,437
Washtenaw Ave & Ogden Ave,KA1504000109
Wells St & 19th St,218
Wells St & 19th St,SL-006
Wells St & Concord Ln,289
Wells St & Concord Ln,TA1308000050
Wells St & Elm St,182
Wells St & Elm St,KA1504000135
Wells St & Evergreen Ave,291
Wells St & Evergreen Ave,TA1308000049
Wells St & Hubbard St,212
Wells St & Hubbard St,TA1307000151
Wells St & Huron St,53
Wells St & Huron St,TA1306000012
Wells St & Polk St,175
Wells St & Polk St,SL-011
Wells St & Walton St,46
Wells St & Walton St,TA1306000011
Wentworth Ave & 104th St,712
Wentworth Ave & 24th St (Temp),132
Wentworth Ave & 24th St (Temp),TA1308000026
Wentworth Ave & 33rd St,403
Wentworth Ave & 33rd St,15445
Wentworth Ave & 35th St,405
Wentworth Ave & 35th St,KA1503000005
Wentworth Ave & 63rd St,390
Wentworth Ave & 63rd St,KA1503000025
Wentworth Ave & Cermak Rd,120
Wentworth Ave & Cermak Rd,13075
Wentworth Ave & Cermak Rd (Temp),120
Western Ave & 104th St,725
Western Ave & 111th St,728
Western Ave & 111th St,20205
Western Ave & 21st St,203
Western Ave & 21st St,13091
Western Ave & 24th St,281
Western Ave & 24th St,TA1309000003
Western Ave & 28th St,446
Western Ave & 28th St,KA1504000168
Western Ave & Congress Pkwy,382
Western Ave & Congress Pkwy,15668
Western Ave & Division St,305
Western Ave & Division St,13241
Western Ave & Fillmore St,644
Western Ave & Fillmore St (*),644
Western Ave & Granville Ave,452
Western Ave & Granville Ave,KA1504000129
Western Ave & Howard St,527
Western Ave & Leland Ave,239
Western Ave & Leland Ave,TA1307000140
Western Ave & Lunt Ave,467
Western Ave & Lunt Ave,RP-005
Western Ave & Monroe St,381
Western Ave & Monroe St,15667
Western Ave & Roscoe St,493
Western Ave & Roscoe St,15634
Western Ave & Walton St,374
Western Ave & Walton St,KA1504000103
Western Ave & Winnebago Ave,116
Western Ave & Winnebago Ave,13068
Western Blvd & 48th Pl,594
Wilton Ave & Belmont Ave,117
Wilton Ave & Belmont Ave,TA1307000134
Wilton Ave & Diversey Pkwy,13
Wilton Ave & Diversey Pkwy,TA1306000014
Winchester (Ravenswood) Ave & Balmoral Ave,462
Winchester (Ravenswood) Ave & Balmoral Ave,KA1504000147
Winchester Ave & Elston Ave,505
Winchester Ave & Elston Ave,KA1504000140
Winthrop Ave & Lawrence Ave,253
Winthrop Ave & Lawrence Ave,TA1308000021
Wolcott (Ravenswood) Ave & Montrose Ave,238
Wolcott (Ravenswood) Ave & Montrose Ave,TA1307000144
Wolcott Ave & Fargo Ave,519
Wolcott Ave & Polk St,342
Wolcott Ave & Polk St,TA1309000064
Wood St & 35th St,369
Wood St & 35th St,KA1503000066
Wood St & Augusta Blvd,657
Wood St & Chicago Ave,637
Wood St & Chicago Ave (*),637
Wood St & Hubbard St,285
Wood St & Hubbard St,13432
Wood St & Milwaukee Ave,61
Wood St & Milwaukee Ave,13221
Wood St & Taylor St,317
Wood St & Taylor St (Temp),317
Wood St & Taylor St (Temp),13285
Woodlawn Ave & 55th St,248
Woodlawn Ave & 55th St,TA1307000164
Woodlawn Ave & 75th St,569
Woodlawn Ave & Lake Park Ave,413
Woodlawn Ave & Lake Park Ave,KA1503000065
Yates Blvd & 75th St,396
Yates Blvd & 75th St,KA1503000024
hubbard_test_lws,